,0
0,typelevel/cats
1,nyaadevs/nyaa
2,httpcats/http.cat
3,AlexiaJM/Deep-learning-with-cats
4,sharkdp/bat
5,typelevel/cats-effect
6,funcool/cats
7,websockets/wscat
8,owenthereal/ccat
9,absolute-quantum/cats-blender-plugin
10,jbaron/cats
11,Luohuayu/CatServer
12,typelevel/cats-mtl
13,tpolecat/natchez
14,kuroni/bongocat-osu
15,scalawithcats/scala-with-cats
16,maxogden/javascript-for-cats
17,opencats/OpenCATS
18,ypwhs/dogs_vs_cats
19,Endava/cats
20,tinrab/meower
21,Externalizable/bongo.cat
22,typelevel/mouse
23,junyanz/CatPapers
24,typelevel/kittens
25,scala-exercises/exercises-cats
26,typelevel/cats-collections
27,udacity/ud989-cat-clicker-premium-vanilla
28,typelevel/log4cats
29,harthur/kittydar
30,atnos-org/eff
31,chenyuntc/pytorch-best-practice
32,SukkaW/Koolshare-Clash
33,Kyome22/RunCat_for_windows
34,tpolecat/cats-infographic
35,lunaryorn/mdcat
36,mrgloom/kaggle-dogs-vs-cats-caffe
37,adilmoujahid/deeplearning-cats-dogs-tutorial
38,zio/interop-cats
39,rdcolema/keras-image-classification
40,typelevel/cats-parse
41,typelevel/fs2-grpc
42,battlecatsultimate/BCU-java-PC
43,cesarferreira/CatKit
44,travisbrown/iteratee
45,udacity/ud989-cat-clicker-ko-starter
46,erikreppel/visualizing_cnns
47,typelevel/catbird
48,mattsears/nyan-cat-formatter
49,kastnerkyle/kaggle-dogs-vs-cats
50,notwaldorf/cat-dns
51,mattn/longcat
52,joaotavora/sly
53,typelevel/cats-effect-testing
54,maples1993/Cats_vs_Dogs
55,TeMPOraL/nyan-mode
56,wellflat/cat-fancier
57,prono69/lazycat
58,Mr-Un1k0d3r/DKMC
59,profunktor/redis4cats
60,aws-samples/amazon-ecs-catsndogs-workshop
61,ShadauxCat/CATSFC
62,countable/cats-of-jasnah
63,cb372/cats-retry
64,windiest/Front-end-tutorial
65,notwaldorf/caturday-post
66,typelevel/cats-tagless
67,jlooper/Yowwlr
68,wh1t3p1g/tabby
69,battlecatsultimate/BCU_Android
70,alexwohlbruck/cat-facts
71,ok406lhq/RTCoin
72,maxogden/cats
73,softprops/hubcat
74,douglasrizzo/catsim
75,developit/snarkdown
76,typelevel/cats-time
77,fosskers/scalaz-and-cats
78,pete/cats
79,jarkko-hautakorpi/iBeacon-indoor-positioning-demo
80,snollygolly/paw-wars
81,hilaryparker/cats
82,xbliuHNU/DogsVsCats
83,kovetskiy/manul
84,rethinkdb/cats-of-instagram
85,ctripcorp/cat.js
86,Chia-Network/CAT-admin-tool
87,audy/catsay
88,sindresorhus/cat-pad
89,coinbolt/catshop
90,VladKopanev/cats-saga
91,rockthejvm/cats-effect
92,ardamavi/Dog-Cat-Classifier
93,dshaw/env
94,melaniecebula/cat-ascii-faces
95,katzenpost/catshadow
96,myrthings/catscatter
97,hubot-scripts/hubot-business-cat
98,genetic-student/cats4life
99,ScalaWilliam/xs4s
100,zhongshendoushuizhao/everydaylearn
101,lrodero/cats-effect-tutorial
102,optics-dev/Monocle
103,GrenderG/referendum_cat_mirror
104,Bakumon/NumberAnimTextView
105,DhavalThkkar/Transfer-Learning
106,producthunt/ShareMeow
107,profunktor/typelevel-stack.g8
108,manekinekko/catsify
109,profunktor/console4cats
110,maayane/catsHTM
111,OnGridSystems/CATEd
112,espectre/Kaggle_Dogs_vs_Cats_PyTorch
113,t04glovern/catbox
114,someshkar/colabcat
115,vadimdemedes/cat-facts
116,healeycodes/if-sad-send-cat
117,klenin/cats-judge
118,bitmakerlabs/bitkittens-assignment
119,ElectronicCats/CatSat
120,redhat-gpte-devopsautomation/cotd
121,CatsSystem/CatApiApp
122,CATSInformatica/CatsSys
123,R-CoderDotCom/ggcats
124,rdcolema/pytorch-image-classification
125,Kyome22/menubar_runcat
126,cryptocopycats/awesome-cryptokitties-bubble
127,deepnight/ld40-catsAreAssholes
128,LaunchAcademy/catstagram
129,precog/fs2-ssh
130,YannMoisan/hands-on-scalaz
131,larousso/play-cats-io
132,zhengrenzhe/vscode-Nyan-Cat
133,hilaryparker/catsplainr
134,bevacqua/insane
135,MrWardKKHS/Poem
136,bwreid/cats-mvc-example
137,typelevel/cats-testkit-scalatest
138,nullworks/catbot-setup
139,zw76859420/kaggle-cats-and-dogs
140,vyomshm/Cats-Dogs-with-keras
141,infusionvlc/ConexionFelina
142,kairess/cat_hipsterizer
143,dill/emoGG
144,compstak/KafkaStreams4s
145,haribaskar/CatDetection-HaarCascade
146,evolution-gaming/scache
147,sdiehl/cats
148,michalbe/css-nyan-cat
149,saraiva132/zio-cats-backend
150,Colisweb/scala-opentracing
151,adaapp/di-workshop-08-adacat
152,Machine-Learning-For-Research/Dogs-Cats
153,engineer1109/CatServer
154,Eilon/CatTrackerDemo
155,square/logcat
156,GuidoFe/bash-cat-with-cat
157,edgecomputing/cats
158,jorgerance/catFeeder
159,lexiross/fattest-cat
160,LukaJCB/cats-bio
161,oleg-py/stm4cats
162,Target5150/MoYu_Server_Stupid_Plugins
163,ThatCopy/catAPI
164,alhassy/CatsCheatSheet
165,ChristopherDavenport/cats-par
166,niciBume/Cat_Prey_Analyzer
167,1n9i9c7om/CATSBot
168,non/alleycats
169,fiorix/cat-o-licious
170,mzuelch/CATs-Eurosynth
171,filipsPL/cat-localizer
172,pepegar/hammock
173,DanMcInerney/Obf-Cats
174,shawjef3/Harmony
175,cdiggins/cat-language
176,kutyel/reason-catstagram
177,atextor/icat
178,linhezheng19/CAT
179,yinjihuan/kitty
180,leslie-alldridge/Hacktoberfest-2020-Cats
181,arosien/cats-cheatsheets
182,OpenEtherCATsociety/OpenEtherCATsociety.github.io
183,yui0/catseye
184,iwatobipen/CATS2D
185,influxdata/catslack
186,violentlydave/GatosGuardianes
187,JamCatLabs/JamCats
188,akhwan90/cat
189,ID25/ryakuzu
190,CatSeed/CatSeedLogin
191,ArcoMul/netlify-cats
192,peterkwells/uk-government-cats
193,nickrod518/PowerShell-Scripts
194,JDonini/cats-and-dogs-classification
195,waleedahmad/Aww-Bot
196,leemengtaiwan/cat-recognition-train
197,herd/herdtools7
198,wontheone1/cats-dogs-pytorch
199,koshort/koshort
200,LukaJCB/sphynx
201,SFTtech/nyan
202,rjbobeles/Android-Matching-Kitties
203,arogozhnikov/cats
204,JerrybroDu/cats_vs_dogs
205,StrikingLoo/kitten-getter
206,fagossa/tutorial-cats
207,ylambda/tagpro-catstats
208,APEXTest/APEXTest_Repo
209,Colinsmix/catstagram
210,kayveen/DogorCat
211,matic-insurance/assignment-cats-dealer
212,yamieboi/cat-cafe-script
213,scodec/scodec-cats
214,Drupalcat/drupalcat
215,piyush2896/ResNet50-Tensorflow
216,aws-samples/amazon-ecs-for-beginners-catsdogs
217,klevis/CatAndDogRecognizer
218,GEANT/CAT
219,parthvadhadiya/classify_dogs-vs-cats_using_keras
220,Janith889/CatRescue
221,BrowenChen/EducationAlgorithms
222,adafruit/pi_video_looper
223,adzm/BusinessCats
224,cpatulea/cats
225,evolution-gaming/skafka
226,NaitLee/Cat-Printer
227,klenin/cats-junior
228,sdsubhajitdas/Dogs-Vs-Cats-Kaggle
229,wlkdb/dogs_vs_cats
230,wlkdb/dogs_vs_cats
231,leontabak/catscradle
232,JoseJPR/Tinder-Interface-for-Cats
233,iamjoel/project-template
234,learn-co-curriculum/cat-api
235,metova/ThunderCats
236,nicomp42/CatsOfTheWorld
237,sdoxsee/cats-nest
238,erossiter/catSurv
239,tpolecat/skunk
240,kailuowang/mau
241,aleju/cat-bbs
242,ofavre/vimcat
243,bourd0nOrg/cats_world
244,Jerlag01/CatServer
245,cb372/cats-selective
246,kendricktan/cat-finder
247,keyz/repo.cat
248,bevacqua/assignment
249,oleg-py/shironeko
250,pavelmc/FT857d
251,miciek/free-prisoners
252,sdgdsffdsfff/cat.go
253,mdcg/http-cats-telegram-bot
254,madvas/catlantis
255,girishkuniyal/Cat-Dog-CNN-Classifier
256,huyingxi/cats_vs_dogs
257,miracle-fox-2017/find-the-cats
258,typelevel/case-insensitive
259,AbdallahHemdan/Souq.Cat
260,UxxHans/Rainbow-Cats-Personal-WeChat-MiniProgram
261,pete/cats
262,typelevel/munit-cats-effect
263,julien-truffaut/newts
264,djspiewak/shims
265,flores/moarcats-app
266,a1928370421/Bongobs-Cat-Plugin
267,bpmn-io/bpmn-js-nyan
268,higherkindness/droste
269,cats/cat
270,davenverse/cats-scalacheck
271,rgbond/chasing-cats
272,TimWSpence/cats-stm
273,trace4cats/trace4cats
274,aleju/cat-generator
275,ctripcorp/cat.net
276,finagle/featherbed
277,IronCoreLabs/cats-scalatest
278,whtsky/Catsup
279,vycoder/kittynder
280,simoninithomas/CatDCGAN
281,ganlvtech/phaser-catch-the-cat
282,evolution-gaming/cats-helper
283,batya239/NyanProgressBar
284,slouc/concurrency-in-scala-with-ce
285,sindresorhus/cat-names
286,zhanyuzhang/lovely-cat
287,jkjung-avt/keras-cats-dogs-tutorial
288,ThaUnknown/miru
289,sverweij/state-machine-cat
290,RMSone/slick-cats
291,rockthejvm/cats-course
292,dianping/cat.net
293,benhutchison/GettingWorkDoneWithExtensibleEffects
294,suojingchao/catsao
295,ADlead/Dogs-Cats
296,girliemac/slack-httpstatuscats
297,botletics/SIM7000-LTE-Shield
298,postmanlabs/node-doc-kube
299,haerulmuttaqin/MyPets-App
300,github-developer/octochat-aws
301,kun-song/scala-with-cats
302,eddieantonio/imgcat
303,PetoiCamp/OpenCat-Old
304,klenin/cats-main
305,functional-streams-for-scala/fs2-cats
306,SheW0lf/Cats_Bats_Spiders
307,http4s/http4s
308,cristurm/nyan-cat
309,envoyproxy/envoy
310,letiantian/another-tutorial-about-java-web
311,konifar/material-cat
312,radekosmulski/dogs_vs_cats
313,zhangpengpengpeng/kaggle-dogs-vs-cats
314,ElectronicCats/CatSniffer
315,ArcoMul/cats
316,Rannie/cat-account-ios
317,QiShaoXuan/vuepress-plugin-cat
318,s0daa/cats
319,gigasquid/kaggle-cats-dogs
320,zygmuntz/kaggle-cats-and-dogs
321,deepaiims/sakkuincat
322,irccloud/irccat
323,eed3si9n/herding-cats
324,asyncdb/asyncdb
325,ID25/rails_emoji_picker
326,typelevel/feral
327,onefinestay/django-mediacat
328,mikesir87/cats
329,scala-exercises/scala-exercises
330,ruairidhwm/action-cats
331,LiskArchive/lisk-commander
332,xuetsing/cats-vs-dogs
333,WHUHLX/CATS
334,ellerbrock/typescript-badges
335,shaoanlu/dogs-vs-cats-redux
336,malad1211/Mania-Cat
337,toshimaru/nyan
338,lunasorcery/pridecat
339,JasonFritsche/motivationalCats
340,codecat/catsight
341,karahobny/acme2k
342,graphql-cats/graphql-cats
343,pcw109550/write-up
344,BarkyTheDog/catclock
345,DanielaSfregola/data-validation
346,whatthejeff/nyancat-phpunit-resultprinter
347,Kirill5k/mongo4cats
348,frees-io/iota
349,DanMcInerney/Invoke-Cats
350,marando/pycatfd
351,nwii/oledbongocat
352,IonicaBizau/cli-github
353,typelevel/spotted-leopards
354,priorknowledge/loom
355,christiands16/ruby
356,scalawithcats/cats-seed.g8
357,bevacqua/flickr-cats
358,balajisrinivas/Cats-Vs-Dogs-Prediction
359,stew/left-cats
360,catmoji/catmoji-colr
361,t04glovern/aws-s3-cat-images
362,kubukoz/slick-effect
363,ericterpstra/jsCats
364,dgarlitt/karma-nyan-reporter
365,hyendler/catstagram
366,venkateshtata/cnn_medium.
367,oleg-py/meow-mtl
368,sindresorhus/dofle
369,baguswiratmaadi/catnip
370,ErinCall/catsnap
371,cedricblondeau/sliding-puzzle
372,videoman/RPICatFeeder
373,djaxho/laravel-cats
374,yobert/catify
375,iravid/play-json-cats
376,Exploit-install/DKMC
377,mre/fcat
378,davenverse/fuuid
379,objektwerks/pwa.scalajs
380,fdeandres/CAT
381,shama/timecat.us
382,cleercode/kittygram
383,mitre/gocat
384,eli-jordan/tagless-final-jam
385,josephrexme/griz
386,crypt0rr/kb
387,davenverse/cats-effect-time
388,Drupalcat/drupalsummerbarcelona
389,Daenyth/intro-cats-effect
390,warguns/vacunacovid-catsalud-autofullfill
391,ki-ljl/cnn-dogs-vs-cats
392,devhg/FuckCATS
393,bootandy/cat-and-mouse
394,carboclan/Uniscam
395,supercat9000/supercatrepo
396,jrbtaylor/visual-attention
397,laxmimerit/dog-cat-full-dataset
398,krzemin/octopus
399,NaturalNode/node-sylvester
400,CaptainDredge/Variational-AutoEncoder-in-Pytorch
401,m-prth/CatsVSDogs
402,stefnotch/shakespeares-cats
403,ryanfleharty/cats_lab
404,zalando-stups/cats.match
405,bradleypallen/keras-dogs-vs-cats
406,spring2go/cat_lab
407,hatemZamzam/Cats-vs-Dogs-Classification-CNN-Keras-
408,xxmonkeyfuckerxx/game
409,icoxfog417/kemono_puyo
410,SergioChan/SCCatWaitingHUD
411,codering/github-stars
412,mccambridge/tubular
413,Mnesikos/SimplyCats
414,rogeriopvl/http-status-cats-api
415,ingridknapp/ninja
416,whichlight/cat-bounce-pool
417,girliemac/RPi-KittyCam
418,amrhassan/scalacheck-cats
419,travis-ci/job-board
420,tehviking/giffindor
421,alvinj/FunctionalToDoListWithCats
422,beaugunderson/cat-snacks
423,bigchaindb/site
424,rmraya/Swordfish
425,47degrees/fetch
426,Helsinki-NLP/OPUS-CAT
427,desireevl/quantum-catsweeper
428,gravmatt/random-cat
429,arthuc01/RDKit-Cats2D
430,cloudfoundry-attic/cats-concourse-task
431,Cal-CS-61A-Staff/cats-gui
432,AnthonyCaliendo/purrfect_json
433,dangerbots/danger_cats
434,smeschke/deep_cat
435,jpt/meow
436,hwz/catris
437,BI3QXJ/Yaesu_Radio_Controller
438,armanbilge/schrodinger
439,Kylart/Nyaapi
440,zhbink/CatchThatCat
441,hobbyquaker/node-movehub
442,EducationalTestingService/CATS
443,PlaySpaceCats/space-cats
444,marcomorain/tcat
445,ianhorswill/CatSAT
446,Kingzoey/Catji
447,MeoBeoI/Catify
448,iain/status_cats
449,IEvangelist/IEvangelist.BlazoR.TwitterStreaming
450,marcussacana/CatSceneEditor
451,elm200/recognize-dogs-and-cats
452,AHXR/maskedkitty
453,ViiSiX/DanceCats
454,keithnorm/Rubex
455,gvolpe/pfps-examples
456,non/cats-check
457,agateau/cat-avatar-generator-app
458,webbeast2019/okat-cupid
459,dragisak/monocle-cats
460,adrien2p/teanjs
461,LimitToInfinity/protected_cats_react
462,inner-product/scala-days-2019-cats-workshop
463,kdszafranski/sigma-express-cats
464,nestjsplus/knex-cats
465,klenin/cats-problem
466,theme-catui/typecho-theme-catui-reissue
467,anggaid14/newscat
468,WJDigby/catscan
469,nickhuang1996/Dogs_vs_Cats_Pytorch
470,anetwork/mkdocs-jinks-theme
471,shlomif/catable
472,Streetbees/cats
473,ChrisCreevey/catsequences
474,simplonco/project-minichat
475,Catalysts/cat-boot
476,zoom/catbot
477,gustsu/check-meowt
478,JasonZhou89/kaggle--Dogs-vs.-Cats-Redux-Kernels-Edition
479,dleatherman/Cats-Lock
480,ZTGeng/PsychoCatsCode
481,passcod/ct
482,devbisme/CAT-Board
483,bevacqua/megamark
484,maxogden/cat-lobby
485,andreacampi/nyan-cat-chef-formatter
486,SpencerBangerter/catsolutions
487,clips/cat
488,simplonco/project-minichat-II-the-return
489,ChoiysApple/My-Little-Popcat
490,TIFOSI528/dogs-vs-cats
491,NITDgpOS/cat-forum
492,googleglass/mirror-catfacts-python
493,gmalivenko/cat-gan
494,BrainJS/kittydar
495,barnybug/s3
496,CaramelDunes/nyanya_rocket
497,cipriantruica/CATS
498,yakovenkodenis/dogs-vs-cats-kaggle
499,team-alpha-wolf-squadron/boomBoomCats
500,HaskellForCats/HaskellForCats
501,CleverCloud/pulsar4s
502,Azure-Samples/pythonSample_thecatsaidno
503,mjkwon2021/CAT-Net
504,seanrreid/cat-reducer
505,alvaroferran/yolo_tracker
506,witchard/mog
507,wallacyyy/instacats
508,sunningzhen/catspaw
509,mcogoni/supersdr
510,111116/mac-typing-bongo-cat
511,BoiseCodeWorks/ApiCats
512,PyvesB/PetMaster
513,zhiiee/cats
514,tdicola/pi-catlaser
515,waffle-iron/cat-facts
516,cat-in-136/blog
517,ibarlow/chilloutandwatchsomecatgifs
518,retro-cats/retro-cats-front-end-js
519,joan-domingo/Podcasts-RAC1-Android
520,ViolinLee/Project_Dogs_vs_Cats
521,hablapps/puretest
522,sascha-andres/go-logsink
523,kebenart/blog-parent
524,slavivanov/cats_dogs_kaggle
525,CraftAcademy/cattastic
526,Saranyacode/Cat-and-mouse-class20
527,jorgerance/gatoBot
528,chrishokamp/handycat
529,PKUCATers/graduation-guide
530,Rocknight-Studios/FreyjaTheWildCats
531,jysperm/cats-blog
532,sharsil/mailcat
533,deanpeters/The-Product-Manager-Interview-Project
534,yangwao/omf-theme-slavic-cat
535,kunkliricsi/CATSBot2
536,Astriex/CatsVsDogs
537,atapas/catstore
538,mgslw/DogsOrCats
539,travisbrown/macavity
540,IronPTSolutions/ex-cats-crud
541,oslcat/puppet-manifests-oslcat
542,evolution-gaming/smetrics
543,Orienfish/cat_face_detection
544,bifravst/firmware
545,RubixML/CIFAR-10
546,ChristianECG/TheBestCatPage
547,Piasy/UltraGpuImage
548,paulfitz/catsql
549,fourkbomb/u-boot
550,NerdCats/NerdCats.Auth
551,mikesprague/yarn-vs-npm-cheatsheet
552,adzialocha/random-animal-name-generator
553,linuxhubit/catfacts
554,TRF-Image-Processing-Domain/Cat_and_Dog
555,kambleaa007/KittyCat
556,ix/calico
557,sohamkamani/supercat
558,zhanxw/cat
559,zateya/cat-energy
560,ThoughtWorksInc/dsl-domains-cats
561,icfaust/CATSAD
562,Wiznet/wiznet-iot-shield-arduino-kr
563,hemanthk119/CatImageClassifier
564,xbliuHNU/DogsVsCats-ResNet18
565,BoiseCodeWorks/catsalot
566,spotify/tfreader
567,emibcn/covid
568,youyuge34/Identify_cat
569,drew-tigera/IsleOfCats
570,zainab-ali/pie
571,BoiseCodeWorks/summer-cats
572,ChristopherDavenport/scalaz-task-effect
573,AllyTally/meow
574,jpfergongithub/nlrb-cats
575,hdurdle/alexa-cats
576,deadskull7/Cats-Vs-Dogs-CNN-using-Keras-
577,Matt-Deacalion/Name-of-Thrones
578,mattkelly/cats-as-a-service
579,pCYSl5EDgo/cat
580,PolideaInternal/cats-love-money
581,pydeveloperashish/Cats-vs-Dogs-CNN-using-Keras
582,corruptmemory/herding-cats
583,yantor3d/mechCatRig
584,opencats/OpenCATS-Installation-Scripts
585,retro-cats/retro-cats-contracts
586,Seeed-Studio/WioLTE_Cat_NB1_Arduino_Library
587,mgbarsky/ml_cats_dogs_lab
588,Jwy-Leo/Kaggle-dog-and-cat-dataset
589,RodriguezAndres/Kaggle-dogs-vs-cats
590,sparkfun/SparkFun_LTE_Shield_Arduino_Library
591,bryanmr/Steamy_Cats
592,trace4cats/trace4cats-datadog
593,CorndelWithSoftwire/CatShelter-Java
594,KspTooi/CatServerPro
595,hicsail/opencat-pro
596,LukaJCB/cats-uio
597,rpeden/cat-or-not
598,pauljamescleary/scala-pet-store
599,jcouyang/cats.rb
600,philres/catfishq
601,GrenderG/garanties.cat
602,EricGaoJiaBao/cat_emotion
603,wader/catgolf
604,iridakos/lofocats_ui
605,suzanasvm/MachineLearningProjects
606,XX3-OOP-archive/10d_ArrayLists_Cats
607,MichaelArestad/Press-This
608,josefnpat/doctorcatthegame
609,iamdey/Monorail-Cat
610,cats4scala/cats-process
611,rmc47/CloudlogCAT
612,CATSPDEs/CATSPDEs
613,bevacqua/domador
614,jpitchell/Nyan-Watch
615,sunthx/RunCat
616,adryd325/oneko.js
617,ichuang/catsoop
618,opensanca/api.ajudeum.pet
619,ADlead/DogsAndCats-tf2
620,alexisbdr/healthycats
621,StrikingLoo/Cats-and-dogs-classifier-tensorflow-CNN
622,IvanGeffner/battlecode2021
623,LSYS/LexicalRichness
624,Yatheen07/cat-dog-image-classifier
625,xiutangzju/dog_vs_cat
626,phildini/catserve
627,ElectronicCats/ElectronicCats-KiCad-Libraries
628,JustinBeckwith/cloudcats
629,paw-lu/nbpreview
630,catsystems/cats-embedded
631,gbogard/cats-mtl-talk
632,DMSOFTWARE/cats
633,caitmuenster/cats
634,routek/qMp
635,Pan-Cat/web
636,HakCat-Tech/WiFi-Nugget
637,foliovision/fv-top-level-cats
638,trace4cats/trace4cats-sttp
639,catseye/minischeme
640,uaoleg/bootstrap-css-sprite
641,rstradling/awsio
642,hyperoslo/Keychains
643,nitro-stack/nitro-cats
644,Feynman1999/Corner-Cat-Code-Template-For-ACMICPC
645,danslapman/morphling
646,danisola/forward-cat
647,uCloudCastle/ShenJingMao
648,ginglis13/cat-message
649,tshi0912/tracking
650,typelevel/coop
651,Nosayba/kpart
652,fegemo/cefet-games-meow-au
653,ryuslash/yoshi-theme
654,hrbrmstr/RBerkeley
655,omiras/the-cats
656,otrebski/state-monad
657,usgs/CatStat
658,0809zheng/dogs-VS-cats-pytorch
659,l89669/CatServer-1
660,feynmanliang/cats-logo
661,typelevel/coop
662,typelevel/bobcats
663,ankurag12/CatVsDog
664,TSTCCloud/JillsCode
665,benihime91/retinanet_pet_detector
666,johndempster/Cat
667,JLimperg/cats
668,nielstron/YOLOv3-Training-Snowman-Detector
669,scalalandio/catnip
670,belyalov/tinyweb
671,JustinLangshaw/Wild_Cats_Project
672,tentacode/KittenLitter
673,spotify/magnolify
674,sivel/syncat
675,HoopAWolf/GR-Framework
676,leeenglestone/CatsOfNet
677,Wiznet/wiznet-iot-shield-mbed-kr
678,birnuruzunn/cats
679,kevinhuangwl/CatsDogsClassificationApp
680,nikdon/telepooz
681,thobson/typelevel-cats-examples
682,catcuts/catsblog
683,0x27/catfacts
684,lorenzo-eng/openmv-catsvsdogs-classification
685,mafintosh/cat
686,mikegehard/advanced-scala-with-cats-exercises
687,CODAIT/magicat
688,sakares/keras-fine-tune-cat-dog-vgg16
689,sole/catserver
690,kjk/inflect
691,nickhuang1996/Dogs_vs_Cats_TensorFlow_Keras
692,billkarwin/cats-and-dogs
693,tubby-cats/tubby-launch-reflections
694,aaronjanse/gcat
695,mrecachinas/beer-to-cats
696,wlmouse/catstorage
697,remixz/github-for-cats
698,bakpakin/CommandoKibbles
699,catpage/catpage.github.io
700,rhamaa/Web-Hacking-Lab
701,thnk2wn/rasp-cat-siren
702,XX2-OOP-archive/10d_ArrayLists_Cats
703,XX5-02-OOP-archive/08d_ArrayList_Cats
704,Adam13033/Week-6-Cats4Life
705,ElectronicCats/ElectronicCats_InternalTemperatureZero
706,fitzgen/derive_is_enum_variant
707,blateyang/cats-vs-dogs-classification
708,edorado93/Power-Of-A-Neuron
709,AnnaPS/cats_flutter_bloc
710,loughkb/IC-7300-time-sync
711,335iguy/diy-multisensor-cat-feeder
712,minttuNB/ppcat
713,maxogden/cat-picture
714,kubukoz/sup
715,MartinRajniak/CatViewerDemo
716,Softeq/PyCats
717,utkanos/android_device_samsung_hltetmo
718,gobolinux/GoboNet
719,darkbyte-ru/ICOM-CI-V-cat
720,kisonecat/CatNip
721,dollarkillerx/civetcat
722,Tai7sy/pay-demo
723,benhutchison/modesofcomposition
724,msiegenthaler/free-to-compose
725,UltiRequiem/rat
726,CalvinHartwell/cdk-cats
727,wildanm/Jibas
728,jaywon/dogvasion
729,MakeSchool-Tutorials/Sushi-Neko-SpriteKit-Swift4
730,Nastzzz00/CatStore
731,hughesthatgirl/adoptable-cats
732,iolog4s/iolog4s
733,mvillafuertem/scala
734,mrwork27/Catstone-Website
735,geirolz/cats-xml
736,gvolpe/pfps-shopping-cart
737,edmonto/dogs-and-cats
738,MarxSoul55/cats_vs_dogs
739,phpcat/phpcat
740,ryanoleary/policy-cats
741,Neiroll/AntiCommandTab
742,ndrmc/cats
743,beescuit/MidiCat
744,ekinnee/SharpCAT
745,vinaytota/Nyan-Cat-Screensaver-for-OS-X
746,ryansb/serverless-cat-facts
747,austinlparker/practical-opentelemetry-for-cats
748,frichti/FastScroll
749,Banno/vault4s
750,gfreezy/dump-cat
751,CraftAcademy/cat-bnb
752,pepper-seattle/catclicker_deluxe
753,chrisdias/theCatSaidNode
754,Kabongosalomon/Cat-vs-Dog-Classifier
755,chinanf-boy/bat-zh
756,jackiekircher/zerglingsascats
757,isabelxklee/cats-galore
758,typelevel/catz-cradle
759,DemonDamon/comparisons-among-various-deep-nets-in-dogs-vs-cats-dataset
760,CircuitCoder/MeowRust
761,nefo-mi/nyan-modoki.vim
762,stroborobo/werc
763,gabrie-allaigre/node-avatar-builder
764,guardrail-dev/guardrail
765,UPCCV/cat-vs-dog
766,TobiasWeis/cats_and_lasers
767,kyber/catss
768,teteusAraujo/KdMeuBichinho
769,catscradleio/catscradle.io
770,asroq1/Project_Cats
771,WerWolv/PythonCatPrinter
772,catsAndSolenoids/catbot
773,ryanschaub/Mobile-Games-A-B-Testing-with-Cookie-Cats
774,oxfordmmm/catsup
775,logaan/vlad
776,ZnsNgk/CNN_Cats_vs_Dogs_Course
777,codezoo-ltd/CodeZoo_CATM1_Arduino
778,johnperry-math/mew_cats
779,ardamavi/Cat-Segmentation
780,soumilshah1995/Machine-Learning-on-Cat-and-Dog-using-Tensorflow-
781,XX4-OOP-archive/09d_ArrayList_Cats
782,KIRTISHD/E-PreCAT-System
783,lawrenceamer/dns-black-cat
784,debasishg/frdomain-extras
785,user-signal/fs2-mqtt
786,pleslie/phpaggcat
787,ElectronicCats/pxt-lora
788,shogsbro/natscat
789,Wildhoney/ngImgur
790,WillBrennan/SemanticSegmentation
791,aralroca/cat-dog-detection-tfjs
792,sifex/cats
793,songwie/cat-dubbo-demo
794,2012013382/Cat_or_dog-kaggle-vgg19-tensorflow
795,miaoerduo/cartoon-cat-server
796,ryanoleary/rs-selfservice-tools
797,SixCosti/UncleEarl
798,inuyasha2012/pypsy
799,ldnpydojo/word-chains
800,adriancbjie/my-kitty-cat
801,Bitwise-01/Cambrian
802,getneil/cats
803,evolution-gaming/scassandra
804,typelevel/cats-uri
805,satabin/fs2-data
806,cecilycao/CatsInStarvingLand
807,TranslationalMedicine/CATS
808,Goldfish64/NinjaCatDiscordBot
809,david9ml/tensorflow_kaggle_cat_dog
810,apimorphism/telegramium
811,Anish-Agnihotri/tubby-cats-data
812,CircuitCoder/mill
813,furkan-cat/furkan-cat
814,paulirish/c-cli
815,CSSPLICE/webcatjupyterplugin
816,RishabhTayal/electronic-moji
817,mystor/micro-coreutils
818,trigger-segfault/catsystem-py
819,mgrenonville/arduino-cat-feeder
820,jeff5665/cat
821,Banno/kafka4s
822,C-Sto/encembed
823,barambani/http4s-poc-api
824,hyasar/CAtS
825,danlynn/bat
826,amitrajitbose/cat-v-dog-classifier-pytorch
827,jmhessel/catrank
828,kuviman/glitchcat
829,un-versed/whatsapp-cats
830,BoiseCodeWorks/spring21-cats-api
831,Dvogel345/grumpy-cats-website
832,2vg/blackcat-rs
833,adafruit/CatLaser2
834,yaricom/dogs-vs-cats
835,caadam/aussieninjacat
836,0x705h/baudcat
837,SuperC03/CatYou-Deno
838,plotly-dash-apps/604-cats-dogs-classifier
839,AyushBherwani1998/flutter_teachable_ml
840,punksta/thecatnative
841,SmartBackpacker/core
842,abrahamjuliot/privacy-cat
843,chinaboard/Jasmine-CAT.NET
844,mazzzystar/QLearningMouse
845,dmuth/cat-crawler
846,reidmv/CATsfw
847,tableflip/lasercat-workshop
848,ryan-blunden/cats-who-code
849,anubhavparas/image-classification-using-cnn
850,timatooth/catscanface
851,ferhatgec/colocat
852,Nateldn/cats4lyfe4real
853,Safadurimo/cats-and-dogs
854,http4s/http4s-dom
855,bifravst/cat-tracker-pcb
856,summerpotato/cat-monitor
857,hseling/hseling-web-catandkittens
858,littleGauze/pets
859,jiexunsee/New-Simple-Inception-Transfer-Learning
860,apg/nyanbar
861,rachelnicole/robokitty
862,linyimin-bupt/wechaty-puppet-ioscat
863,jalanb/co.py.cat
864,rehrumesh/react-microfrontend-container-cats-app
865,sualab/asirra-dogs-cats-classification
866,win0err/gnome-runcat
867,bloominstituteoftechnology/java-catsanddogs
868,lvyitian/CatServer-Pro
869,fdalvi/cat-detector
870,fr1tz/terminal-overload
871,catsluck/catsluck
872,yogsototh/Category-Theory-Presentation
873,aleksas/keras-fine-tune-inception
874,awesome-fc/cat-dog-classify
875,selvam85/Cat-Dog-Classifier
876,vlovgr/actors-cats-effect-fs2
877,gigasquid/cats-dogs-cortex-redux
878,ci-wdi-900/cats-cradle
879,wgough/CATS-Methods-Materials
880,netsensei/cats
881,girliemac/filterous-2
882,ZoeBijl/QueerCats
883,permutive-engineering/fs2-google-pubsub
884,clemsonMakerspace/CATS
885,simonw/cougar-or-not
886,WDI-SEA/fetch-cats-lab
887,CogStack/MedCATservice
888,cristicmf/curious-cat
889,fieryhenry/Battle-Cats-Save-File-Editor
890,JensRavens/ReactiveKitten
891,aws4s/aws4s
892,pixiv-cat/pixivcat-cloudflare-workers
893,typelevel/otel4s
894,root-systems/catstack
895,ACloudGuru/Does-Twitter-Hate-Cats
896,geirolz/advxml
897,evolution-gaming/akka-effect
898,rogerbramon/getTV3Videos
899,gabro/scalaz2cats
900,Gibbsdavidl/CatterPlots
901,sysucats/zhongdamaopu
902,opsxcq/meme-vibing-cat
903,muhammadmuzzammil1998/catsay
904,cesarferreira/purrge
905,monix/monix
906,typelevel/cats-effect-cps
907,GEANT/CAT-Android
908,CAcertOrg/cats
909,sana-malik/CatGear
910,platinum-fox-2017/find-the-cats
911,JoakimSoderberg/catcierge
912,RedisGears/AnimalRecognitionDemo
913,Aaronius/hyper-cat
914,krishnaik06/cats-dogs
915,marketneutral/robotic-cats
916,ceee/PocketSharp
917,mlhy/ResNet-50-for-Cats.Vs.Dogs
918,moohax/Proof-Pudding
919,fnky/behave-theme
920,bauripalash/mewmew
921,alextoft/sureflap
922,WDI-SEA/Raining-cats-and-dogs
923,1fmusic/Audio_cat_dog_classification
924,jamestiotio/CITM
925,pepegar/hammock
926,gabrie-allaigre/avatar-generator
927,harrison-symes/catStack
928,XuhuiZhou/CATS
929,b3ll/NyanCat
930,magicbug/Cloudlog
931,lyzidiamond/catnews
932,augustjune/canoe
933,Bill-Gray/star_cats
934,jiexunsee/Simple-Inception-Transfer-Learning
935,eli-jordan/tagless-final-jam
936,G3rste/cats
937,MichaelBuckley/NCProgressIndicator
938,JonnyBanana/QuickMimikatz.github.io
939,dutilh/CAT
940,richfitz/remoji
941,CyberZHG/EmojiView
942,trigger-segfault/TriggersTools.CatSystem2
943,spf3000/huts-api
944,botletics/SIM7500-LTE-Shield
945,redhat-scholars/tekton-tutorial
946,styx/Raincat
947,andimiller/whales
948,fchypzero/zogcm
949,opencats/OpenCATS_Documentation
950,ElectronicCats/Arduino_Boards_Index
951,abdulhannanali/jest-nyan-reporter
952,ryanfleharty/users-and-cats
953,Pawandeep-prog/cat-dog-flask
954,copilot-example-voting-app/vote
955,kdszafranski/omicron-node-cats-heroku
956,mandubian/khats
957,Ileriayo/python-whatsapp-bot
958,davenverse/catscript
959,remirobert/Github-contributions
960,chrisdias/theCatSaidNo
961,boriswinner/task-solutions
962,dropbox/goebpf
963,dcarriger/cat-repo
964,mtitolo/cats
965,aboisvert/s3cp
966,gvolpe/cats-effect-demo
967,IEvangelist/Blazing.DotNet.Tweets
968,jlord/javascript-for-cats-electron
969,fferlito/Cat-faces-dataset
970,cats-oss/Chausie
971,leucos/cats
972,drewr/copycat
973,arsich/react-redux-cats
974,o-d-i-n/nyan-cat
975,monadless/monadless
976,hyendler/catstagram2.0
977,johnynek/fastparse-cats
978,wzyanqi/dogs-vs-cats
979,CatchZeng/CATSecurity
980,hawkrai/CATSdesigner
981,nelsonBlack/nestjs-mysql-graphql-sequelize-typescript
982,lively-fox-2017/find-the-cats
983,hack4impact-calpoly/calpoly-cat-program
984,kdszafranski/omicron_express_review
985,TeamOrange-GB/cats
986,ppplinday/tensorflow-vgg16-train-and-test
987,zephyo/Wholesome-Cats
988,aladshaw3/cats
989,wangdabaoqq/VueCnode
990,marcesquerra/moonads
991,ian-kent/purl
992,47degrees/nine-cards-v2
993,imfing/keras-flask-deploy-webapp
994,cryptopunksnotdead/awesome-24px
995,RomanKornev/dogs-vs-cats-redux
996,snap-research/CAT
997,datitran/Dogs-vs-Cats
998,bastakka/popcatindicator
999,siahtek/Throwdown_bot
